{"cameraMode":{"drawMode":0,"name":"Shaded","section":"Shading Mode"},"sceneLighting":false,"audioPlay":false,"sceneViewState":{"showFog":true,"showMaterialUpdate":false,"showSkybox":false,"showFlares":true,"showImageEffects":true,"showParticleSystems":true},"in2DMode":false,"pivot":{"x":2.7899999618530275,"y":1.4299999475479127,"z":0.0},"rotation":{"x":0.05936199054121971,"y":-0.5370319485664368,"z":0.0379234254360199,"w":0.8406174778938294},"size":10.740601539611817,"orthographic":true}