{"cameraMode":{"drawMode":0,"name":"Shaded","section":"Shading Mode"},"sceneLighting":true,"audioPlay":false,"sceneViewState":{"showFog":true,"showMaterialUpdate":false,"showSkybox":true,"showFlares":true,"showImageEffects":true,"showParticleSystems":true},"in2DMode":false,"pivot":{"x":7.660667419433594,"y":-0.7613312005996704,"z":-11.554581642150879},"rotation":{"x":-0.0020623926538974048,"y":-0.9954379200935364,"z":0.09284374862909317,"w":-0.02210588939487934},"size":10.477877616882325,"orthographic":true}