{"cameraMode":{"drawMode":0,"name":"Shaded","section":"Shading Mode"},"sceneLighting":true,"audioPlay":false,"sceneViewState":{"showFog":true,"showMaterialUpdate":false,"showSkybox":true,"showFlares":true,"showImageEffects":true,"showParticleSystems":true},"in2DMode":false,"pivot":{"x":8.536576271057129,"y":2.336266279220581,"z":9.31593132019043},"rotation":{"x":0.0778774544596672,"y":-0.816483736038208,"z":0.11339552700519562,"w":0.5607426762580872},"size":18.27023696899414,"orthographic":true}