{"cameraMode":{"drawMode":0,"name":"Shaded","section":"Shading Mode"},"sceneLighting":false,"audioPlay":false,"sceneViewState":{"showFog":true,"showMaterialUpdate":false,"showSkybox":false,"showFlares":true,"showImageEffects":true,"showParticleSystems":true},"in2DMode":false,"pivot":{"x":4.360000133514404,"y":4.961678981781006,"z":4.465555667877197},"rotation":{"x":0.06655468791723252,"y":-0.37865182757377627,"z":0.02730681747198105,"w":0.9227477312088013},"size":24.922468185424806,"orthographic":true}