{"cameraMode":{"drawMode":0,"name":"Shaded","section":"Shading Mode"},"sceneLighting":false,"audioPlay":false,"sceneViewState":{"showFog":true,"showMaterialUpdate":false,"showSkybox":false,"showFlares":true,"showImageEffects":true,"showParticleSystems":true},"in2DMode":false,"pivot":{"x":3.354248046875,"y":7.2333984375,"z":7.02734375},"rotation":{"x":-0.006451943889260292,"y":0.9865778684616089,"z":-0.15820205211639405,"w":-0.04028095677495003},"size":13.904302597045899,"orthographic":true}