{"cameraMode":{"drawMode":0,"name":"Shaded","section":"Shading Mode"},"sceneLighting":false,"audioPlay":false,"sceneViewState":{"showFog":true,"showMaterialUpdate":false,"showSkybox":false,"showFlares":true,"showImageEffects":true,"showParticleSystems":true},"in2DMode":false,"pivot":{"x":4.9609375,"y":6.900000095367432,"z":3.0999999046325685},"rotation":{"x":0.09565607458353043,"y":0.37595275044441225,"z":-0.039043404161930087,"w":0.9208769798278809},"size":0.00013469300756696612,"orthographic":true}