{"cameraMode":{"drawMode":0,"name":"Shaded","section":"Shading Mode"},"sceneLighting":false,"audioPlay":false,"sceneViewState":{"showFog":true,"showMaterialUpdate":false,"showSkybox":false,"showFlares":true,"showImageEffects":true,"showParticleSystems":true},"in2DMode":false,"pivot":{"x":-0.6851492524147034,"y":2.434729814529419,"z":9.454949378967286},"rotation":{"x":0.09448602795600891,"y":0.2394733875989914,"z":-0.023423567414283754,"w":0.9660160541534424},"size":12.739364624023438,"orthographic":true}