{"cameraMode":{"drawMode":0,"name":"Shaded","section":"Shading Mode"},"sceneLighting":false,"audioPlay":false,"sceneViewState":{"showFog":true,"showMaterialUpdate":false,"showSkybox":false,"showFlares":true,"showImageEffects":true,"showParticleSystems":true},"in2DMode":false,"pivot":{"x":1.876242756843567,"y":-2.2265076637268068,"z":-7.95883321762085},"rotation":{"x":0.13976091146469117,"y":-0.29601699113845827,"z":0.0438295416533947,"w":0.9438932538032532},"size":38.046878814697269,"orthographic":true}