{"cameraMode":{"drawMode":0,"name":"Shaded","section":"Shading Mode"},"sceneLighting":false,"audioPlay":false,"sceneViewState":{"showFog":true,"showMaterialUpdate":false,"showSkybox":false,"showFlares":true,"showImageEffects":true,"showParticleSystems":true},"in2DMode":false,"pivot":{"x":4.9609375,"y":6.58447265625,"z":18.652587890625},"rotation":{"x":0.18537861108779908,"y":-0.10297353565692902,"z":0.01953720673918724,"w":0.9770757555961609},"size":153.40679931640626,"orthographic":true}