{"cameraMode":{"drawMode":0,"name":"Shaded","section":"Shading Mode"},"sceneLighting":false,"audioPlay":false,"sceneViewState":{"showFog":true,"showMaterialUpdate":false,"showSkybox":false,"showFlares":true,"showImageEffects":true,"showParticleSystems":true},"in2DMode":false,"pivot":{"x":3.3025848865509035,"y":7.757554054260254,"z":-0.3374935984611511},"rotation":{"x":0.12087089568376541,"y":-0.693666398525238,"z":0.11978653073310852,"w":0.6999367475509644},"size":16.886930465698243,"orthographic":true}